type,name,module,path,hash
"yaml","manifest","_config","_config/manifest.yaml","84eaf44b3756aa517d41fcbf67e8159601a755c66077a7b0c6a82b2394306774"
"csv","module-help","bmm","bmm/module-help.csv","c3c1033c8fffef924bb71342e22a0a2a8243911a0b856e2aa7804d8bb49feb5a"
"html","validation-report-template","bmm","bmm/plan/bmad-prd/assets/validation-report-template.html","a80becdd8205d2d7c18738855830b096172a496b96b5ca8a0820ec55c9bb8bf9"
"html","validation-report-template","bmm","bmm/plan/bmad-ux/assets/validation-report-template.html","8656945636fabe96624f8ef8fce931b073b5aecbe42d490584c1d5c7f31e1353"
"json","bmad-manifest","bmm","bmm/plan/bmad-prfaq/bmad-manifest.json","b67b016cd68535a97bd9164c237fbfe19a5b26bc1a3f0afe203fecfa40aab6ff"
"md","acceptance-verdict","bmm","bmm/ship/bmad-retrospective/references/acceptance-verdict.md","09a65007c39af83e01e039331c252e6e670b134cd5e2a4b5e05ac9d9fb7e37f1"
"md","aggregate-views","bmm","bmm/ship/bmad-retrospective/references/aggregate-views.md","5b278afce4a53692d8715b4af178e4233da0876921dc3154b5763d056cb5ff0b"
"md","artifact-analyzer","bmm","bmm/plan/bmad-prfaq/agents/artifact-analyzer.md","7bdc44830f8d593346ec0ee15e36e1e431432fcc6c38b70bb861999315c9cfa4"
"md","best-practices","bmm","bmm/plan/bmad-project-context/references/best-practices.md","850c45d2e1de44b1cd8e3b06b8175df53aac8983326d73351eab547bfacc532b"
"md","brief-template","bmm","bmm/plan/bmad-product-brief/assets/brief-template.md","bb28edf75d023067551c8d417b19b8803324e7acfb2ad0c80f882e9134f4c1f1"
"md","checklist","bmm","bmm/ship/bmad-correct-course/checklist.md","3e082b95def90ccb876e3101ce0bbaf797a0f03a9471e1347361897f27977327"
"md","checklist","bmm","bmm/ship/bmad-qa-generate-e2e-tests/checklist.md","b58f810aeb1040c2f6758c88aa133afce72f8cc178d3d97ff0fbaa3d943057dc"
"md","claims-check","bmm","bmm/ship/bmad-build/references/claims-check.md","50ea17cb89a78ef815286dde2dabfd09f1dc9841d07a10857f88b39ab7b9bd2a"
"md","claims-check","bmm","bmm/ship/bmad-build-auto/references/claims-check.md","50ea17cb89a78ef815286dde2dabfd09f1dc9841d07a10857f88b39ab7b9bd2a"
"md","claims-check","bmm","bmm/ship/bmad-code-review/references/claims-check.md","7be5d35dd90a1950addc2062acdf8669026b239117efe1e398da1e8161cfa6f9"
"md","color-themes","bmm","bmm/plan/bmad-ux/assets/color-themes.md","ccb6e4ef47a196476cf9392d788938ad3ca8d07b9ce095b7c092dcb4e06735f0"
"md","compile-epic-context","bmm","bmm/ship/bmad-build/compile-epic-context.md","6793b15ae85766cee529e6b349e45f2c6ec9e3212019611c29e8c77b4dc4b924"
"md","compile-epic-context","bmm","bmm/ship/bmad-build-auto/compile-epic-context.md","64d13b41974cfa0dfc1de64b6fbd8365e9b99f91c7c98f0ee1a9fbd018f324ca"
"md","creative-tools","bmm","bmm/plan/bmad-ux/references/creative-tools.md","e281292d7c0fdecdbb67ca9b7d95d4bed803626ba5edfd8dcc99146fcaa118e6"
"md","customer-faq","bmm","bmm/plan/bmad-prfaq/references/customer-faq.md","96f8565197649c58908a1d61b6cd805fd01f57da7945ba889c18d087ad597aeb"
"md","deletion-check","bmm","bmm/ship/bmad-build/references/deletion-check.md","0f1f124e4e957147e89164a272b10bedc694ad0d9ad2618c8610ac74ee9cb0da"
"md","deletion-check","bmm","bmm/ship/bmad-build-auto/references/deletion-check.md","0f1f124e4e957147e89164a272b10bedc694ad0d9ad2618c8610ac74ee9cb0da"
"md","deletion-check","bmm","bmm/ship/bmad-code-review/references/deletion-check.md","0f1f124e4e957147e89164a272b10bedc694ad0d9ad2618c8610ac74ee9cb0da"
"md","design-directions","bmm","bmm/plan/bmad-ux/assets/design-directions.md","eab73b948da76a27abc908e1e7d6b124e8ff0362e6dd1990f7e60b9541cbcb98"
"md","design-example-editorial","bmm","bmm/plan/bmad-ux/assets/design-example-editorial.md","a659166845b1a4ed3f9aef942c5935537a97382b10303684fbb78ed86265870e"
"md","design-example-mobile","bmm","bmm/plan/bmad-ux/assets/design-example-mobile.md","a93fb9f114f2e83af0c961c0d7909b3859fc80bcd713715517cd639a53a0372a"
"md","design-example-shadcn","bmm","bmm/plan/bmad-ux/assets/design-example-shadcn.md","25e0dfb2bb21483973a8f0a6ed650288b3dc2ae5ed02aa0f091bb9b6b0b39fc0"
"md","design-md-spec","bmm","bmm/plan/bmad-ux/references/design-md-spec.md","d04d5f663607aba3f3181e818ae33856e6caf5e560dcb16fa64ed80b7cf3d590"
"md","edge-case-hunter","bmm","bmm/ship/bmad-build/review-prompts/edge-case-hunter.md","b32ca5aa5703eb28d3fdc86e87be7abe3b9aab479d543584021f112415088077"
"md","edge-case-hunter","bmm","bmm/ship/bmad-build-auto/review-prompts/edge-case-hunter.md","b32ca5aa5703eb28d3fdc86e87be7abe3b9aab479d543584021f112415088077"
"md","edge-case-hunter","bmm","bmm/ship/bmad-code-review/review-prompts/edge-case-hunter.md","05f834b900b86b4c78494a7e96ee9ac3557396148acfada5f26bba8386d3163c"
"md","epics-template","bmm","bmm/plan/bmad-create-epics-and-stories/templates/epics-template.md","a804f740155156d89661fa04e7a4264a8f712c4dc227c44fd8ae804a9b0f6b72"
"md","evidence-gathering","bmm","bmm/ship/bmad-retrospective/references/evidence-gathering.md","575bace78d7c03c48d86a209dd664f7dd22295a222b75e6d6298894cb7b7ce00"
"md","excalidraw-wireframe","bmm","bmm/plan/bmad-ux/assets/excalidraw-wireframe.md","660bbcdebff50cd044a3752eda43f3cb303aca4b0f521b55a270da93b89ddb18"
"md","experience-example-mobile","bmm","bmm/plan/bmad-ux/assets/experience-example-mobile.md","f8cd54c92193cd8c34a472df9c212ac7330976f6a115b729721dcb60034dc4f0"
"md","experience-example-shadcn","bmm","bmm/plan/bmad-ux/assets/experience-example-shadcn.md","d6ca16e87b768e8b41f352c02ee08af21d7cdac04ca21e6ae1556864b4d27590"
"md","fix-sprint-status","bmm","bmm/plan/bmad-sprint-planning/references/fix-sprint-status.md","0406c31b70da33e2a354d9785f43d8f9918f4b923d0aac2ebd1e3707ebad5806"
"md","generate-tracking","bmm","bmm/plan/bmad-sprint-planning/references/generate-tracking.md","4dbf7aca26d0e6e893f288fc5e6158dbbcd65f77bbaf95e941ca705abceb1741"
"md","generate-trail","bmm","bmm/ship/bmad-walkthrough/generate-trail.md","4a5936d86fbe5a85285b4535097b1e2edda8849da35586f4b588a982d7224459"
"md","headless","bmm","bmm/plan/bmad-architecture/references/headless.md","4db2708f335c94cb024b5eba022b1e3d88b1ec61c94c4716626d9b89684f5833"
"md","headless","bmm","bmm/plan/bmad-prd/references/headless.md","4dad58ebee63933a53179016513ff94d143ce9f68e226489d390e2c36bf1d848"
"md","headless","bmm","bmm/plan/bmad-ux/references/headless.md","8da7e23d269b1644f45b5104a243a6a27fd8d075aebb95d9b7752f0d143f0f5d"
"md","headless-schemas","bmm","bmm/plan/bmad-prd/assets/headless-schemas.md","8d3621333a72400512bd62511bc4c73fc745711505e1f852c697ff8c5fa2de93"
"md","headless-schemas","bmm","bmm/plan/bmad-spec/assets/headless-schemas.md","83afb3614716db2347d83586a67b9c524492dd50db5282436ccb35c99fb5f08a"
"md","headless-schemas","bmm","bmm/plan/bmad-ux/assets/headless-schemas.md","e3a773dde85286f1a6f6dd8b26fc17e09ccea96f6257dfe7fb436353cd79242d"
"md","internal-faq","bmm","bmm/plan/bmad-prfaq/references/internal-faq.md","26eb83f844cda1ed8efb50f4703d61713ada8a64bd27eb387f759f858b5748de"
"md","key-screens","bmm","bmm/plan/bmad-ux/assets/key-screens.md","ff1c5060673dd595edd61e76806bae876264ec6895c2eaadf8a6190785bf5f7b"
"md","prd-template","bmm","bmm/plan/bmad-prd/assets/prd-template.md","b6fe8fc1390b8e46961d5eb5e6f2fe6c65dca2f30623d492677672e02868f7ab"
"md","prd-validation-checklist","bmm","bmm/plan/bmad-prd/assets/prd-validation-checklist.md","41d9f09064772a92ec908d970618e47ba63dc86b5c5a1a21d5a2c676d3ba8e3f"
"md","press-release","bmm","bmm/plan/bmad-prfaq/references/press-release.md","c406adb0e2d2cc326cbc45d0174f89d014523448ad82bc272293999d22aec596"
"md","prfaq-template","bmm","bmm/plan/bmad-prfaq/assets/prfaq-template.md","b27e6964f0437ab4e78c8c0ffbe5052c28e3b3ef2fc811726cbb394d5a5c7559"
"md","readiness-gate","bmm","bmm/plan/bmad-sprint-planning/references/readiness-gate.md","7d58ea61fafe3c1d8218203abc7512e322ca384c78d9e71829df55dfabe1245b"
"md","README","bmm","bmm/v6-shims/README.md","5495469425b50bca1cd74899c6ebfe840f137cf2a68d008bc993aa2574bd9972"
"md","retro-document","bmm","bmm/ship/bmad-retrospective/references/retro-document.md","de8164664cd2be7f73b8ba5552e9e0f58816d2a7c4be8efc7715461846bb7001"
"md","reviewer-gate","bmm","bmm/plan/bmad-architecture/references/reviewer-gate.md","d32e32a3c1d59b5612b947004f3f6fef1117a13ce9f1ffa428d616e0b5d4db69"
"md","SKILL","bmm","bmm/agents/bmad-agent-analyst/SKILL.md","bea3052cc1d735bb924ba5390439a39e223b17a8d7dc5185ca759af7bd787b02"
"md","SKILL","bmm","bmm/agents/bmad-agent-architect/SKILL.md","75fa73baee85a97ce378a1bb3423e9a2942e134cacbedee2ca373b54ad1b140e"
"md","SKILL","bmm","bmm/agents/bmad-agent-dev/SKILL.md","f2437e7d1c33e88aa7de4aa2a67330e81ed31948fd5f7c6de8ffd30c683cab73"
"md","SKILL","bmm","bmm/agents/bmad-agent-pm/SKILL.md","0fcf2e223a37f212b8e5ba293f85f3f0186a0ce9e15dd31e8c5ce5471e9a2d63"
"md","SKILL","bmm","bmm/agents/bmad-agent-ux-designer/SKILL.md","76c09ed03b59492d6f1ee3f204a1bd2116aa42a4d95c45dc626a0f0e7f7f350f"
"md","SKILL","bmm","bmm/plan/bmad-architecture/SKILL.md","c246446482a7d605dc0e115fdc6064935655936df1d12fa41f1cba6749873e7a"
"md","SKILL","bmm","bmm/plan/bmad-create-epics-and-stories/SKILL.md","6b27b0730c61309190eb7c9c84ae98b11cbfe7187941ef88f45ddc8ded850c04"
"md","SKILL","bmm","bmm/plan/bmad-prd/SKILL.md","ee18b31ff687bb502623512d0ce8c9288f4e4b748135568be37630a070c26e4f"
"md","SKILL","bmm","bmm/plan/bmad-prfaq/SKILL.md","d06cad4341ab97fcce90e526f9d93e1aeb2ddc778af1daeda4d6654eb78c39ca"
"md","SKILL","bmm","bmm/plan/bmad-product-brief/SKILL.md","cde9d0c03d2c2f12bcc974fb2c7635ba081322c4f892b1a2cd8b8feca07768fb"
"md","SKILL","bmm","bmm/plan/bmad-project-context/SKILL.md","c79a9a93be81a3f9ee263af230bb05273442fd629dcb85ffa96c1b4be83da054"
"md","SKILL","bmm","bmm/plan/bmad-spec/SKILL.md","24b46f7a4781d017771ebbfee239efb5359c6a3d5f3ca28b98e5550ca51ba6c8"
"md","SKILL","bmm","bmm/plan/bmad-sprint-planning/SKILL.md","2ac5fe09d842b05160bf90f375600ced95cc0c62b362453e6c383d3ea64690a9"
"md","SKILL","bmm","bmm/plan/bmad-ux/SKILL.md","d22e796e41cfed781e13eb95832e83b83d9da208be0aa54024ac86b98158e871"
"md","SKILL","bmm","bmm/ship/bmad-build/SKILL.md","bb97aa26213af602f7e4d28d4136ba708371c99cc9482086a754cdc2bc8b32f9"
"md","SKILL","bmm","bmm/ship/bmad-build-auto/SKILL.md","ea798a5f7df3b11eb73555a54fc0516c70d8f98739bd7857d968297b26f6ef94"
"md","SKILL","bmm","bmm/ship/bmad-code-review/SKILL.md","2cc6d294062f41ef9af5a519a0acd4a1364f1f2e6d2e6d7537d095e8394f27c2"
"md","SKILL","bmm","bmm/ship/bmad-correct-course/SKILL.md","ce0bf9b4de6ef857c01eb7acea042d26fa0fb8711a4d97a7629051af7780fb87"
"md","SKILL","bmm","bmm/ship/bmad-qa-generate-e2e-tests/SKILL.md","38cc5cec009cc55818375fa225bda3af09bf187bc004b8b09734c40bbeb8f039"
"md","SKILL","bmm","bmm/ship/bmad-retrospective/SKILL.md","f0de33d1359f786376a88e660b99e6b4c47bc218efb2fe1534c8cea8b958a56a"
"md","SKILL","bmm","bmm/ship/bmad-walkthrough/SKILL.md","139414efb391c4c1fa3b2927a5be51061a8f837b93b7a884545e120d8bf59411"
"md","spec-template","bmm","bmm/plan/bmad-spec/assets/spec-template.md","4b3a032c045fdd0903933446fc07f93e879997f28a0294ed4344da71192b20ee"
"md","spec-template","bmm","bmm/ship/bmad-build/spec-template.md","9e5e3e9ae87053f1ed316c28b0d3da371e00000380c650a7a8cac7332541edba"
"md","spec-template","bmm","bmm/ship/bmad-build-auto/spec-template.md","59a046df2773ec05af0688823d17238bfde2bb54c0c3b3eff6acec4856f1eb7a"
"md","spine-template","bmm","bmm/plan/bmad-architecture/assets/spine-template.md","ef4ff795624eb5439fae54a06edb389feb5a0cf79cb01ae007af51109335d198"
"md","status-view","bmm","bmm/plan/bmad-sprint-planning/references/status-view.md","c3547e221ebf6e55c874e2ada3e8c18198835213c76f0bb2e0e64150aac355ab"
"md","step-01-clarify-and-route","bmm","bmm/ship/bmad-build/step-01-clarify-and-route.md","ef735b94e13f8a58bc00cca36be857dda226d87a6e8dd4751aeefdba74be3105"
"md","step-01-clarify-and-route","bmm","bmm/ship/bmad-build-auto/step-01-clarify-and-route.md","7480db7720720212bd045793fddcb91f06091fe512e53b38127f6440c3fd96e2"
"md","step-01-gather-context","bmm","bmm/ship/bmad-code-review/steps/step-01-gather-context.md","2714522d1069d4a52ee2a4fb88eeb5a62be0de7bf363abce36976c2a37a2983a"
"md","step-01-orientation","bmm","bmm/ship/bmad-walkthrough/step-01-orientation.md","d9e3b949c36d49a025f3535773af2b51888fe4ce616b6d6d69683a122716b1d2"
"md","step-01-validate-prerequisites","bmm","bmm/plan/bmad-create-epics-and-stories/steps/step-01-validate-prerequisites.md","7181608c1ee4e55c084c6627d68fc55a8a0b6917e489f8ac77531a0530428a30"
"md","step-02-design-epics","bmm","bmm/plan/bmad-create-epics-and-stories/steps/step-02-design-epics.md","7c66987808c1f84e853fe54b7aff26d209196d450b5644704110f124a15179bc"
"md","step-02-plan","bmm","bmm/ship/bmad-build/step-02-plan.md","ca90ad71584038f18f0c099cb6c5d4d14ceeddd490f25974cea248b1e2e2b01c"
"md","step-02-plan","bmm","bmm/ship/bmad-build-auto/step-02-plan.md","a08e303c10f88dbfce88c55044757ec5059afe338793eb414e1ddb0b7c324625"
"md","step-02-review","bmm","bmm/ship/bmad-code-review/steps/step-02-review.md","387a9e24ed536848c1c4f0e788cf886e1e27327016840f2062b41904fa8ebfd4"
"md","step-02-walkthrough","bmm","bmm/ship/bmad-walkthrough/step-02-walkthrough.md","66cf893f8f968ee81034e9ccd8c20415692c3a8c23a9a143c2245fe6c800acdc"
"md","step-03-create-stories","bmm","bmm/plan/bmad-create-epics-and-stories/steps/step-03-create-stories.md","c5b787a82e4e49ed9cd9c028321ee1689f32b8cd69d89eea609b37cd3d481afc"
"md","step-03-detail-pass","bmm","bmm/ship/bmad-walkthrough/step-03-detail-pass.md","d48163b9f305f15af57729a8443142e47beb6c3e977554afe12b39ee49cb9fc0"
"md","step-03-implement","bmm","bmm/ship/bmad-build/step-03-implement.md","821e4210cd3e95f0d092e4232a74e30f0eb6ef1a6298ae998a7a18083bea2293"
"md","step-03-implement","bmm","bmm/ship/bmad-build-auto/step-03-implement.md","0dc9c9634eca148baaec03e7d154840a14101f92492b7ab469625bf13b4e2ab5"
"md","step-03-triage","bmm","bmm/ship/bmad-code-review/steps/step-03-triage.md","9e9c817343e45dd098e3182865e68dbe8f09373f919c167faa390396715bd8b1"
"md","step-04-final-validation","bmm","bmm/plan/bmad-create-epics-and-stories/steps/step-04-final-validation.md","5f6033e26ed06e070dcfcefb47d648b5a266012aaed7d53f028ab3f2c0542d20"
"md","step-04-present","bmm","bmm/ship/bmad-code-review/steps/step-04-present.md","87790a0d65b6c9533d7028bb7f1161a327651a3765e89f9fd994a988b06a8a99"
"md","step-04-review","bmm","bmm/ship/bmad-build/step-04-review.md","5284b37dc07cde409330fff4bb74403860ce8c94ac38463518fa682e16d41130"
"md","step-04-review","bmm","bmm/ship/bmad-build-auto/step-04-review.md","6e718a09db1afb44fe6dd58037292abdac4e38a6e8fb96f169d9d0588635124f"
"md","step-04-testing","bmm","bmm/ship/bmad-walkthrough/step-04-testing.md","28a56e868968ea2d18add0df8c4bccced0f94b698e218df3d45ddac072ce369c"
"md","step-05-present","bmm","bmm/ship/bmad-build/step-05-present.md","95b666383e32b119a99e9f40fa7a468910b7815b516979915fbda8e1a52bbdc3"
"md","step-05-wrapup","bmm","bmm/ship/bmad-walkthrough/step-05-wrapup.md","b1f04d64f0c9c9e4c051ebdd81eee1083d60c6aaca96bb5d3d85e0cbeca0143e"
"md","step-oneshot","bmm","bmm/ship/bmad-build/step-oneshot.md","5dd6b93a0023b9d2098e36876ed8ef1e9a9d4643333447cc3ccb9cc77980fbc2"
"md","stories-schema","bmm","bmm/plan/bmad-spec/assets/stories-schema.md","4f8137c00e2710288354a4466d1cfb90704f4b2a04bd3b63924218fd589cc6a9"
"md","sync-sprint-status","bmm","bmm/ship/bmad-build/sync-sprint-status.md","c9a9b8264c6d68ad86694865028b46553d23d5080bd927fce2267342a7bb3cc2"
"md","team-discussion","bmm","bmm/ship/bmad-retrospective/references/team-discussion.md","a9c504c436038c7e47d08322413aa3c213d2859b36ae30e873cb8c60fd9e008e"
"md","template","bmm","bmm/plan/bmad-project-context/references/template.md","5e2bc291e734a481fd2925877adfbe82b03313f300baf67dfdb6fa22a1181601"
"md","validate","bmm","bmm/plan/bmad-prd/references/validate.md","19b2fa66d58cb4fef3d920cd09c81f8add4ee44dd4191bec87eaba84c2093338"
"md","validate","bmm","bmm/plan/bmad-sprint-planning/references/validate.md","ac680fa0a0f945a9bc0fc89ca709b2a8e6bc3b2617cd0d3d730378c4b5edd86d"
"md","validate","bmm","bmm/plan/bmad-ux/references/validate.md","7c2189d9ac1585d9408b6ed0346ba564869e7db89dba8f81044db3431cfcee65"
"md","verdict","bmm","bmm/plan/bmad-prfaq/references/verdict.md","81c06748ae2cb8e191cd282ecff83bea79532512c994fd4fffbf12c56be58a13"
"md","verification-gap","bmm","bmm/ship/bmad-build/review-prompts/verification-gap.md","ebae2f8df49944ba530edc9654ebdcade7866a38b404be42f94152efad344d69"
"md","verification-gap","bmm","bmm/ship/bmad-build-auto/review-prompts/verification-gap.md","ebae2f8df49944ba530edc9654ebdcade7866a38b404be42f94152efad344d69"
"md","verification-gap","bmm","bmm/ship/bmad-code-review/review-prompts/verification-gap.md","2ba5205a73e86727fe49748baebf0f055704ba7a47d412310a9f97844209e168"
"md","web-researcher","bmm","bmm/plan/bmad-prfaq/agents/web-researcher.md","6e9127bb9bd3e4b15c701e4ced9eef328769262cd34eadc221bebe954c1f3aef"
"md","workflow","bmm","bmm/ship/bmad-build/workflow.md","481ff00ef349a9c7845feca02bbfd5722b1e318ccabac858355da6c90c2d8a39"
"md","workflow","bmm","bmm/ship/bmad-build-auto/workflow.md","611f429206029a903ec9433ccdfd9b186fbafc6dc95da0a21fbcdf5965ad25ea"
"py","git_evidence","bmm","bmm/ship/bmad-retrospective/scripts/git_evidence.py","6e08688d2943217b61e784c7df3508aa1502d7cecf53ea7cd530944c431c91b6"
"py","lint_spine","bmm","bmm/plan/bmad-architecture/scripts/lint_spine.py","040e0f1c13d31e6a21c518df943d1d7de7b75d8d98a07603b0983f3f3fb500db"
"py","sprint_plan","bmm","bmm/plan/bmad-sprint-planning/scripts/sprint_plan.py","4c30f62c261599fc1da3fd319ea6ce5092aa0332221cedee1763a1040627e6bc"
"py","sprint_status","bmm","bmm/ship/bmad-retrospective/scripts/sprint_status.py","a697eecd53cd9177657aee4cfdb2eab06d7d81f3e855b096cfe0482a74c50ebe"
"py","test_git_evidence","bmm","bmm/ship/bmad-retrospective/scripts/tests/test_git_evidence.py","0abfc8fad338830fc2db656d3ccc500631b0ea7a2ab87d853c13a6bbd46ff13c"
"py","test_lint_spine","bmm","bmm/plan/bmad-architecture/scripts/tests/test_lint_spine.py","e86bb9a62c5cca74ddc89c843386f2b992610fcc1792d40e03bc9cd445b77681"
"py","test_sprint_plan","bmm","bmm/plan/bmad-sprint-planning/scripts/tests/test_sprint_plan.py","f1c3b640e156946b0a234e233807b2a3983cb0d3f2d13dbb9830fbe0c67e5238"
"py","test_sprint_status","bmm","bmm/ship/bmad-retrospective/scripts/tests/test_sprint_status.py","23da16cca54904a256fcf88fd8f912c3f6091ea343768c241bbd2aeebbca2af3"
"toml","customize","bmm","bmm/agents/bmad-agent-analyst/customize.toml","d6e2c5c660e8900866298961266a0b1c189c8643f2c1c9da602101e9f98d3388"
"toml","customize","bmm","bmm/agents/bmad-agent-architect/customize.toml","bd0ebb48faeab1e6f709d0291a13d33003484a597ed2b9c90f221b2345513b06"
"toml","customize","bmm","bmm/agents/bmad-agent-dev/customize.toml","ab52d8840427e10d5956b592c34e63edc77ebdafd7b54ce60da11cf67ed72ced"
"toml","customize","bmm","bmm/agents/bmad-agent-pm/customize.toml","4613c72cfe3bc3143bd50c5732bce464c21c7266fe7dd930bc659c54e7315b39"
"toml","customize","bmm","bmm/agents/bmad-agent-ux-designer/customize.toml","4acd1d9cdbf4a4328c389229ea9e9f2885d0692f8e10e3d9456da45844337c2c"
"toml","customize","bmm","bmm/plan/bmad-architecture/customize.toml","e9c5f75bd6605199f3908d6a1f013d6b42fb12b6f35c9a5e13a44f7f872b7b79"
"toml","customize","bmm","bmm/plan/bmad-create-epics-and-stories/customize.toml","e7633a4e6e33161c7cb13034e5132d9d29f8a7031e75765d16a60724f2089557"
"toml","customize","bmm","bmm/plan/bmad-prd/customize.toml","d23707fe7ff5f5060a05b5b8bda3f170b9b1d9be61e409e9f7ae91f83572db6a"
"toml","customize","bmm","bmm/plan/bmad-prfaq/customize.toml","b764b9ea360734d681115b958d0ccd478f1b56ce0045ecd6f71311ef005d8980"
"toml","customize","bmm","bmm/plan/bmad-product-brief/customize.toml","bef95b0ab71793d214ec59ed7397a25f7253e63fad5d60570248614db6186905"
"toml","customize","bmm","bmm/plan/bmad-project-context/customize.toml","9bf8a3aa919832cd8932853da550fcaebd06a9e13c0cde453f4379d8327f9c0f"
"toml","customize","bmm","bmm/plan/bmad-spec/customize.toml","d0f1f926bed79d514f8fdbc458a1883167fb64663bf2464c40e3c50dc2dcdbea"
"toml","customize","bmm","bmm/plan/bmad-sprint-planning/customize.toml","54c7f6a8af77ff7ea6c9dbb00b515023999e011aabc802b7b328e82f505b0299"
"toml","customize","bmm","bmm/plan/bmad-ux/customize.toml","e85144ed214dc1e002ee7fc6589a0a7ef352c5f79ab4cb37a4e05ee8e245549c"
"toml","customize","bmm","bmm/ship/bmad-build/customize.toml","4ca2d56e91a414cdfdcb9473413e25fe0cf869ba28af717d083c86fb8f6a2671"
"toml","customize","bmm","bmm/ship/bmad-build-auto/customize.toml","c2eead858089110ea446850ef84a425f2f264b75f54256db7e7ab6bbeeb37ddb"
"toml","customize","bmm","bmm/ship/bmad-code-review/customize.toml","5d4a2a237480f904ee4d717733bcd2eb4942679e7c0fd05f23d6b0e27e27751f"
"toml","customize","bmm","bmm/ship/bmad-correct-course/customize.toml","9990c3d4a1aa90a207f7e3380a7a48a5c9c005702194f63c6a959a4b1a18586f"
"toml","customize","bmm","bmm/ship/bmad-qa-generate-e2e-tests/customize.toml","4fbbd9d96e5af24ae012d33e59582b88867e8203dcd5a29f0d46b42ef6d747b8"
"toml","customize","bmm","bmm/ship/bmad-retrospective/customize.toml","33ce7da5bad6dfe1791218d8d607b749f9b58586b232df7ea0d3263ec50ec466"
"toml","customize","bmm","bmm/ship/bmad-walkthrough/customize.toml","2a4b14c5b25729a2d8fa9d9762ab3f12ac9429cfc6bd31fd80a81d86eed98630"
"yaml","config","bmm","bmm/config.yaml","49c661ae8303ebcabdaddf45bc4661b3ee20b83b661d8fe22014be4e8218cffe"
"yaml","sprint-status-template","bmm","bmm/plan/bmad-sprint-planning/sprint-status-template.yaml","64b1a937e1fe03b8b8d158e3b1caeb89e7d51692a56c16038e2af091decc553a"
"yaml","sprint-status-template","bmm","bmm/ship/bmad-retrospective/scripts/tests/fixtures/sprint-status-template.yaml","64b1a937e1fe03b8b8d158e3b1caeb89e7d51692a56c16038e2af091decc553a"
"toml","config","config.toml","config.toml","34a0997a07160dbf68d7f6b9af42b7cd27d177f5e10edcd4264405180c14961d"
"toml","config.user","config.user.toml","config.user.toml","9f2be5a1ab0469ab3d77928ef3c813e1ad01bfad4125640c54dfe1b01296dcc4"
"csv","brain-methods","core","core/bmad-brainstorming/assets/brain-methods.csv","fff112eabca1a9cb8b190f8314bc47678becc5782a2372e11c83daa0e33b6dfd"
"csv","methods","core","core/bmad-advanced-elicitation/assets/methods.csv","d110ff5f076fb9421552b83692fde2c2d367734049169c7a55f7267a3dc7ef89"
"csv","module-help","core","core/module-help.csv","38846d71f87159345d6a6256a170c142fb3f53d9cf9c258c9ee6f26bd88a86c7"
"html","brain-selector","core","core/bmad-brainstorming/assets/brain-selector.html","c110919a3366bd96061f050f98503e3586185e3d1df5ff8b62a5a046c571a436"
"json","brain-icons","core","core/bmad-brainstorming/assets/brain-icons.json","a101c56e89f1d0f9e4131dfdfc19e10c746e3a61c3f92537d04a6f4897b7d331"
"md","academic-lit","core","core/bmad-deep-recon/types/academic-lit.md","514b0b7b1184cb95363dedeb0c2298a9bf5c430c74146fe2114f31780fadb325"
"md","competitive","core","core/bmad-deep-recon/types/competitive.md","39b53df87d295fdc4388719fcdf31ad2221e64afc136e669207f46d2727a3aec"
"md","converge","core","core/bmad-brainstorming/references/converge.md","1528c32ddc64f8061fec663306f7208d2fd4d4a90e660552b8138bda7e452dc0"
"md","create-party","core","core/bmad-party-mode/references/create-party.md","2f810332c36c17d14eb55717aed48f3020acf0713bb9f932479be9fbc3856e9e"
"md","domain","core","core/bmad-deep-recon/types/domain.md","3a34b2e62c3589f8c8d01158357ee9fba32648c9fdfe70035bb3ca971862896b"
"md","draft","core","core/bmad-deep-recon/references/draft.md","ac19b33a00ca529c3281df6076f87a833a3b11fc30915ca2c6e7590f7986b90e"
"md","editorial-common","core","core/bmad-review/references/editorial-common.md","f0cdc72ea345b2c5dc3001477b3dfcc909ca11b78f7db8865b6763d18ffc66c8"
"md","finalize","core","core/bmad-brainstorming/references/finalize.md","b6074e7fb4d86ffcf899abc50b9049b4a1f6fe550917f4be7a1c7a888477e07e"
"md","finalize","core","core/bmad-deep-recon/references/finalize.md","d2ba4bee615dfbca6e7725179fb5ebd856dd34a54ba3f306e25255dfd7b1d126"
"md","headless","core","core/bmad-brainstorming/references/headless.md","b8ea5951199cff7e4813e06aef35683ca0658230fa015e358cacc466b1138a42"
"md","html-briefing","core","core/bmad-deep-recon/references/html-briefing.md","cd3a88c1a5505fa7f1b715afc3adb34f3d64ade66f4c6b49a59f7e8cfcbe38d4"
"md","in-chat-techniques","core","core/bmad-brainstorming/references/in-chat-techniques.md","18239464e3e4f00ea9063d015d26d6b0a696b72e7e3c5be92352da6db9a3f244"
"md","lens-adversarial","core","core/bmad-review/references/lens-adversarial.md","7c5ce97ab2f3ecb96ceb6aa76417f68c1b7df535edd3cc51666d8e1216e6e557"
"md","lens-edge-case-hunter","core","core/bmad-review/references/lens-edge-case-hunter.md","45afb58e86c540afe5d0ffe210916d3cb43f6154e09e02718e2e1675e5ace91e"
"md","lens-prose","core","core/bmad-review/references/lens-prose.md","4cbcb1eaea8567d272f5db7c6cdfd74ed5a8aae6831053cb2f01cbfc2cb98b98"
"md","lens-structure","core","core/bmad-review/references/lens-structure.md","98c08221f517133e57ef6325013935360c3365ebd7dcb8411b2050d7df507ee3"
"md","lens-verification-gap","core","core/bmad-review/references/lens-verification-gap.md","e7123d81171eeeee1b3782d13d94c2988969fe357dd71949131a5eb97803e2c6"
"md","lifecycle","core","core/bmad-deep-recon/references/lifecycle.md","2315fd9cb9223504639616b861ad593bfecb53d605efbd598ae2cf94fb6c4cdf"
"md","market","core","core/bmad-deep-recon/types/market.md","81ac04499da441857672e29fcd7169436a7e239e67194288ac0d526ec514cb5e"
"md","mode-agent-team","core","core/bmad-party-mode/references/mode-agent-team.md","def759a17f4bb45463b68fb74c2b828b0a4241720b2b6cc1c9c611a1016ae9d7"
"md","mode-auto","core","core/bmad-party-mode/references/mode-auto.md","a37fd24f76dfcde385890d5c5947bb6f40ca44bea86c805d267b6ae3aab39f70"
"md","mode-autonomous","core","core/bmad-brainstorming/references/mode-autonomous.md","d815d2c7f0f8cc0cdfa7c619eaf61f59fd78142f13c69365eda257da38b97bdf"
"md","mode-facilitator","core","core/bmad-brainstorming/references/mode-facilitator.md","1b908498d285d190859aed00c3ba5b399d7f6aa8e94d54e95456d15cd6fe6073"
"md","mode-partner","core","core/bmad-brainstorming/references/mode-partner.md","caa0ed378c116def4de382f4e5a95173c6ae6cc5464f1792e7d8196360f79c8a"
"md","mode-subagent","core","core/bmad-party-mode/references/mode-subagent.md","86161b24a0b13b8f9cb9309042e4249d8caefff8cc33728b084cd2ec22f9d2e1"
"md","party-memory","core","core/bmad-party-mode/references/party-memory.md","800b4b4b920bb881a7b32aaabca8559a98273799b2476d83a23e290e301fb315"
"md","process","core","core/bmad-deep-recon/references/process.md","9017d04774807a29103ea97331e555e2793f90098af65752b72f3ee09df85906"
"md","README","core","core/v6-shims/README.md","017900bb03baeddc0262041a6aa85bce744e8c45991dcde32ef042f9bc2a32b2"
"md","research.template","core","core/bmad-deep-recon/assets/research.template.md","87d7cfa85fa5036b5a309b7bfb88f7934f50bb81f3cff02d2b49b4c7345cfc38"
"md","resume","core","core/bmad-brainstorming/references/resume.md","0f79535d72eefe6c55bd5ae47fe4753de8d27235cf129f10b2c596a124c26526"
"md","run","core","core/bmad-deep-recon/references/run.md","8e259dc88820ac989c79620af5c37e24f00df21ac4af308ce3563c0e66c9406c"
"md","selection","core","core/bmad-deep-recon/references/selection.md","2b488c08f9550afe7fda32c2dc5d4591927afd7b9ad507fcce0ae8593c4b9d31"
"md","SKILL","core","core/bmad-advanced-elicitation/SKILL.md","efe422c81a917908e7403417bb44a1a7861d57d58be7f7e3cc2e1210ac7d08b1"
"md","SKILL","core","core/bmad-brainstorming/SKILL.md","768fbdabc3eb0593765b8cf1892a2edbd8eb0d98d79fa7798376928850fb0764"
"md","SKILL","core","core/bmad-customize/SKILL.md","d79ae25cbb8da47f4ce8ea5a3effa4e6fff3d22ceb9cb307d272791ec70fae95"
"md","SKILL","core","core/bmad-deep-recon/SKILL.md","d7f7c5a5356d8ec04d744c9f627a9d08f6a4af8cd84831681e22a93032f01584"
"md","SKILL","core","core/bmad-forge-idea/SKILL.md","43999d95d6fe43af9cd8737ec307eb095802e6350fa0428bebaab4b224feb1fa"
"md","SKILL","core","core/bmad-help/SKILL.md","72573fbbd205cab6119015b7a20951055c7f1f583162674ebed7a68368dc889c"
"md","SKILL","core","core/bmad-party-mode/SKILL.md","924361612bfd9b67fb57677bbdbbdb6c467dd2432707b6cfd7bba2b5c87b7451"
"md","SKILL","core","core/bmad-review/SKILL.md","ba13c703907bc825d02d3cfabb3123daca43d1196767d2aa6b9708861ecac8c4"
"md","structure-models","core","core/bmad-review/references/structure-models.md","f84f85070e1af75f2482757aba9d37d69d805a20826d185527e598f2ba6b9292"
"md","synthesis","core","core/bmad-deep-recon/references/synthesis.md","4d9ef1247ab45241f919010e94c99699abc0a6e18b5bd68fa93ae54afe59d172"
"md","technical","core","core/bmad-deep-recon/types/technical.md","55f71428c70547b89d67ef0c6cdad59caeb0ee21082cd1230c05618ba8d04707"
"md","user-voice","core","core/bmad-deep-recon/types/user-voice.md","1831ce46e53e8c68244d28e336c5ef9e53e64f21a00b74a817b9b2924c1e8e72"
"md","verification","core","core/bmad-deep-recon/references/verification.md","0393ded4828fec69a4819d7236827910d641d09c3b61144c0211a9a78776fdd2"
"py","brain","core","core/bmad-brainstorming/scripts/brain.py","f81b28fe590f607b95c7218a7cdd6fb6eb91d3a76b9671acf54bcaf36fd4e6ca"
"py","list_customizable_skills","core","core/bmad-customize/scripts/list_customizable_skills.py","8787f542930b927789e7fdf12bc5a67ff08e19865903a5ad05ff2cc8fc426b66"
"py","pick_methods","core","core/bmad-advanced-elicitation/scripts/pick_methods.py","60020ec4767894ea3d8707c4b61e78b679d434315be1dd29154bf64d88126fff"
"py","recon_kit","core","core/bmad-deep-recon/scripts/recon_kit.py","8cb5187b5114b779532907383a013d40fdea1022bb9bed9a23bd8d0fdfa79e8c"
"py","resolve_party","core","core/bmad-party-mode/scripts/resolve_party.py","0bed5ad2139f4412699c07d571c218470901b901ca4a72b441ec9308dbc8ce74"
"py","resolve_personas","core","core/bmad-forge-idea/scripts/resolve_personas.py","b3e5f2f38de013ad878d8ac9c1d4e77d555c2d665dd6c0bc16f9f567d2bbd30c"
"py","test_brain","core","core/bmad-brainstorming/scripts/tests/test_brain.py","b219da8e5e3ccd4ebae95fb02bc5683d6b62593d71db75a712adc7a1b9017bc3"
"py","test_list_customizable_skills","core","core/bmad-customize/scripts/tests/test_list_customizable_skills.py","24c3d384b3b5d490b7335c17866bfe0425af253ce669c32382fa88feb705934d"
"py","test_pick_methods","core","core/bmad-advanced-elicitation/scripts/tests/test_pick_methods.py","610099d8494529f9203d7262567810b500552bcef006b3b6388d58da3da71978"
"py","test_recon_kit","core","core/bmad-deep-recon/scripts/tests/test_recon_kit.py","1b4ddf482dd2d11a214ee2f821c35d7a8c41905b5d8d9cc69a293304bb8a1665"
"py","test_resolve_party","core","core/bmad-party-mode/scripts/tests/test_resolve_party.py","bb53fe03ec3013ed96c0fb399c1948f28bcf55cb2d7727fe0189343fcaa667d5"
"py","test_resolve_personas","core","core/bmad-forge-idea/scripts/tests/test_resolve_personas.py","1c4fa4b1d68bfbd10e4b38cad3c8286dad62345cebd08fe94a6862351b02855e"
"py","test_word_metrics","core","core/bmad-review/scripts/tests/test_word_metrics.py","3b5a285d3c9f611b3cda8c9c1d52d6b214c1f72e6e64a94ea5b0e220db5a8765"
"py","word_metrics","core","core/bmad-review/scripts/word_metrics.py","fb45007a7f3cfc18d13ee8bd4787facdaae297570193bc769456297dd33da78b"
"toml","customize","core","core/bmad-advanced-elicitation/customize.toml","735a276edd51786ccfd2c3417d9a2b9dee4244a6102698981b3888f68d979ed9"
"toml","customize","core","core/bmad-brainstorming/customize.toml","313c3b348473cd40ba02ceae4b299c617300af78debb2f5585c8d3941cc2d8d3"
"toml","customize","core","core/bmad-deep-recon/customize.toml","24d1383066034fd4fcf282279aaf0d29d21910fd1247dfe3dbad74a70e78814d"
"toml","customize","core","core/bmad-forge-idea/customize.toml","839f57b89c8b04038fa795525f55799ee5c23431b17d429fe668880e78399ef2"
"toml","customize","core","core/bmad-party-mode/customize.toml","332aca1a85a681ff38a78850deb552e954d6a7d0b32f8d22caf9b2b2324b4e24"
"toml","customize","core","core/bmad-review/customize.toml","005dde84f09c0b1ab0ef0ee87f1ed1985922c893089cc3595157611fb83b3ebd"
"yaml","config","core","core/config.yaml","7d069b49148d027d5da2e6ef72d65b45d2adfc01e0c3f4cf883977d7caa52a88"
"file",".gitignore","custom","custom/.gitignore","973b03a33f142c22cf9b65be285bebadd85790b6b55be04637d2f8c716f58fab"
"file",".gitignore","render","render/.gitignore","240a3e0d37d2e86b614063f5347eb02d4f99ca6c254de6b82871ff8d95532a7d"
"py","config_utils","scripts","scripts/config_utils.py","48afe2bc18a29201e343cce3703be1e70df9c83ee74eeb68e57ef8ef42e8c651"
"py","memlog","scripts","scripts/memlog.py","3b00f82ca33dc4227f715123b939514ee35c4f9c71150c894c3d8185df1b48df"
"py","render_skill","scripts","scripts/render_skill.py","8496d0d8b449d64c21b42a9aab3b13fc8a813a430c0695ffd84ad75bb1da7942"
"py","resolve_config","scripts","scripts/resolve_config.py","70d7577396ed40ab9462ab75dce51f852bc2e094b2d1a054214f1b30c8789768"
"py","resolve_customization","scripts","scripts/resolve_customization.py","9b5124e0b781823a015a19d6cf5db52bbc34b6bab41c036fd1b3d464c2a137cd"
